,company,location,industry,total_laid_off,percentage_laid_off,date,stage,country,funds_raised,Symbol,Name,Last Sale,Net Change,% Change,Market Cap,Country,IPO Year,Volume,Sector,Industry
1568,1stdibs,New York City,Retail,70,0.17,4/2/2020,Series D,United States,253,DIBS,1stdibs.com Inc. Common Stock,$5.74 ,-0.1,-1.71%,228140955,United States,2021,33618,Consumer Discretionary,Catalog/Specialty Distribution
247,23andMe,SF Bay Area,Healthcare,71,0.11,8/8/2023,Post-IPO,United States,1100,ME,23andMe Holding Co. Class A Common Stock,$0.50 ,-0.0056,-1.11%,240975401,United States,,1757192,Health Care,Biotechnology: Pharmaceutical Preparations
66,2U,Washington D.C.,Education,,,1/22/2024,Post-IPO,United States,426,TWOU,2U Inc. Common Stock,$0.33 ,0.0594,22.12%,27426876,United States,2014,2778479,Technology,Computer Software: Prepackaged Software
675,8x8,SF Bay Area,Support,155,0.07,1/18/2023,Post-IPO,United States,253,EGHT,8x8 Inc Common Stock,$2.23 ,-0.02,-0.89%,275229760,United States,,685314,Technology,EDP Services
208,Absci,Portland,Healthcare,30,0.15,9/5/2023,Post-IPO,United States,238,ABSI,Absci Corporation Common Stock,$5.10 ,0.115,2.31%,574637415,United States,2021,446921,Health Care,Biotechnology: Commercial Physical & Biological Resarch
530,Accolade,Seattle,Healthcare,,,3/3/2023,Post-IPO,United States,458,ACCD,Accolade Inc. Common Stock,$7.43 ,0.17,2.34%,582191826,United States,2020,422152,Consumer Discretionary,Business Services
1403,Adaptive Biotechnologies,Seattle,Healthcare,100,0.12,3/8/2022,Post-IPO,United States,406,ADPT,Adaptive Biotechnologies Corporation Common Stock,$2.99 ,0.055,1.88%,433100429,United States,2019,862403,Health Care,Biotechnology: Biological Products (No Diagnostic Substances)
792,Adobe,SF Bay Area,Marketing,100,,12/6/2022,Post-IPO,United States,2,ADBE,Adobe Inc. Common Stock,$486.72 ,10.15,2.13%,2.18051E+11,United States,1986,1981241,Technology,Computer Software: Prepackaged Software
464,AEye,SF Bay Area,Transportation,46,0.33,3/28/2023,Post-IPO,United States,314,LIDR,AEye Inc. Class A Common Stock,$1.11 ,0.08,7.77%,7218307,United States,2021,93535,Consumer Discretionary,Auto Parts:O.E.M.
465,AEye,SF Bay Area,Transportation,46,0.33,3/28/2023,Post-IPO,United States,314,LIDRW,AEye Inc. Warrant,$0.01 ,0.0001,1.30%,50723,United States,2021,21355,Consumer Discretionary,Auto Parts:O.E.M.
23,Affirm,Pittsburgh,Finance,60,,2/21/2024,Post-IPO,United States,1500,AFRM,Affirm Holdings Inc. Class A Common Stock,$34.78 ,0.34,0.99%,10673081894,United States,2021,4499395,Finance,Finance: Consumer Services
1419,Air,New York City,Marketing,,0.16,9/16/2020,Series A,United States,18,AIRI,Air Industries Group Common Stock,$6.50 ,-0.18,-2.70%,21549892,United States,,59032,Industrials,Military/Government/Technical
529,Airbnb,SF Bay Area,Travel,30,,3/3/2023,Post-IPO,United States,6400,ABNB,Airbnb Inc. Class A Common Stock,$159.96 ,1.63,1.03%,1.03504E+11,United States,2020,3606938,Finance,Diversified Commercial Services
409,Akamai,Boston,Security,290,0.03,5/9/2023,Post-IPO,United States,35,AKAM,Akamai Technologies Inc. Common Stock,$99.35 ,-0.391,-0.39%,15054383775,United States,1999,1218688,Consumer Discretionary,Business Services
1328,Albert,Los Angeles,Finance,20,0.08,6/10/2022,Series C,United States,175,ACI,Albertsons Companies Inc. Class A Common Stock,$20.59 ,-0.135,-0.65%,11885936743,United States,2020,682504,Consumer Staples,Food Chains
1117,Allbirds,SF Bay Area,Retail,23,,7/28/2022,Post-IPO,United States,202,BIRD,Allbirds Inc. Class A Common Stock,$0.61 ,-0.0055,-0.89%,95348250,United States,2021,375986,Consumer Discretionary,Apparel
10,Amazon,Seattle,Retail,,,4/3/2024,Post-IPO,United States,108,AMZN,Amazon.com Inc. Common Stock,$186.23 ,1.505,0.82%,1.93797E+12,United States,1997,31318774,Consumer Discretionary,Catalog/Specialty Distribution
443,Amplitude,SF Bay Area,Data,99,0.13,4/5/2023,Post-IPO,United States,311,AMPL,Amplitude Inc. Class A Common Stock,$10.03 ,0.16,1.62%,1207771196,United States,,177628,Technology,Computer Software: Prepackaged Software
99,Analog Devices,SF Bay Area,Manufacturing,111,,12/13/2023,Post-IPO,United States,,ADI,Analog Devices Inc. Common Stock,$200.40 ,3.91,1.99%,99379993260,United States,,1029337,Technology,Semiconductors
763,Apollo,SF Bay Area,Product,,0.15,12/15/2022,Series D,United States,183,APO,Apollo Global Management Inc. (New) Common Stock,$109.56 ,-2.51,-2.24%,62099610803,United States,,2320512,Finance,Investment Managers
764,Apollo,SF Bay Area,Product,,0.15,12/15/2022,Series D,United States,183,APO^A,Apollo Global Management Inc. 6.75% Series A Mandatory Convertible Preferred Stock,$62.17 ,-0.736,-1.17%,,United States,,7380,,
765,Apollo,SF Bay Area,Product,,0.15,12/15/2022,Series D,United States,183,APOS,Apollo Global Management Inc. 7.625% Fixed-Rate Resettable Junior Subordinated Notes due 2053,$26.93 ,0.24,0.90%,15300583190,United States,2023,13307,Finance,Investment Managers
766,Apollo,SF Bay Area,Product,,0.15,12/15/2022,Series D,United States,183,ARI,Apollo Commercial Real Estate Finance Inc,$10.07 ,-0.0601,-0.59%,1431559188,United States,2009,901028,Real Estate,Real Estate Investment Trusts
229,AppFolio,Santa Barbara,Real Estate,149,0.09,8/17/2023,Post-IPO,United States,30,APPF,AppFolio Inc. Class A Common Stock,$239.19 ,3.14,1.33%,8661858509,United States,2015,148083,Technology,Computer Software: Prepackaged Software
7,Apple,SF Bay Area,Hardware,614,,4/4/2024,Post-IPO,United States,1200,AAPL,Apple Inc. Common Stock,$184.55 ,11.521,6.66%,2.84981E+12,United States,1980,128488296,Technology,Computer Manufacturing
8,Apple,SF Bay Area,Hardware,614,,4/4/2024,Post-IPO,United States,1200,APLE,Apple Hospitality REIT Inc. Common Shares,$14.68 ,0.005,0.03%,3544387710,United States,2015,1345779,Real Estate,Real Estate Investment Trusts
848,Asana,SF Bay Area,Other,180,0.09,11/15/2022,Post-IPO,United States,453,ASAN,Asana Inc. Class A Common Stock,$15.75 ,0.1228,0.79%,3541348893,United States,2020,1539487,Technology,Computer Software: Prepackaged Software
807,Assure,Salt Lake City,Finance,,1,11/23/2022,Seed,United States,2,IONM,Assure Holdings Corp. Common Stock,$0.52 ,-0.0081,-1.53%,3493967,United States,,252957,Health Care,Medical/Dental Instruments
252,Astra,SF Bay Area,Aerospace,,0.25,8/4/2023,Post-IPO,United States,300,ASTR,Astra Space Inc. Class A Common Stock,$0.66 ,0.0079,1.22%,14932505,United States,2020,59006,Consumer Discretionary,Transportation Services
217,Atlas,Chicago,HR,150,0.3,8/23/2023,Series B,United States,220,AESI,Atlas Energy Solutions Inc. Common Stock,$21.82 ,-0.125,-0.57%,2182058115,United States,2023,353176,Industrials,Mining & Quarrying of Nonmetallic Minerals (No Fuels)
222,Atlas,Chicago,HR,150,0.3,8/23/2023,Series B,United States,220,ATLX,Atlas Lithium Corporation Common Stock,$14.48 ,-0.22,-1.50%,184903533,United States,,48164,Industrials,Mining & Quarrying of Nonmetallic Minerals (No Fuels)
515,Atlassian,Sydney,Other,500,0.05,3/6/2023,Post-IPO,Australia,210,TEAM,Atlassian Corporation Class A Common Stock,$182.73 ,-0.82,-0.45%,47564281498,Australia,2015,994487,Technology,Computer Software: Prepackaged Software
306,AudioCodes,Tel Aviv,Other,80,0.06,7/13/2023,Post-IPO,Israel,91,AUDC,AudioCodes Ltd. Common Stock,$11.07 ,-0.05,-0.45%,337709756,Israel,1999,42134,Utilities,Telecommunications Equipment
1189,Aura,Boston,Security,70,0.09,6/23/2022,Series F,United States,500,AURA,Aura Biosciences Inc. Common Stock,$7.91 ,0.14,1.80%,391579844,United States,2021,77359,Health Care,Biotechnology: Biological Products (No Diagnostic Substances)
58,Aurora,Pittsburgh,Transportation,,0.03,1/24/2024,Post-IPO,United States,3700,AUR,Aurora Innovation Inc. Class A Common Stock,$3.28 ,0.3485,11.89%,5033380672,United States,2021,12526049,Technology,EDP Services
59,Aurora,Pittsburgh,Transportation,,0.03,1/24/2024,Post-IPO,United States,3700,AUROW,Aurora Innovation Inc. Warrant,$0.29 ,0.069,31.22%,445228121,United States,2021,15258,Technology,EDP Services
606,Autodesk,SF Bay Area,Other,250,0.02,2/2/2023,Post-IPO,United States,,ADSK,Autodesk Inc. Common Stock,$215.16 ,5.21,2.48%,46026021327,United States,,711347,Technology,Computer Software: Prepackaged Software
1508,Automatic,SF Bay Area,Transportation,,1,5/1/2020,Acquired,United States,24,ADP,Automatic Data Processing Inc. Common Stock,$241.34 ,-0.69,-0.29%,99140195440,United States,,893421,Technology,EDP Services
254,Aware,Columbus,Security,,,8/3/2023,Series C,United States,88,AWRE,Aware Inc. Common Stock,$1.82 ,-0.25,-12.08%,38374634,United States,1996,111885,Technology,Computer Software: Prepackaged Software
774,Bakkt,Atlanta,Crypto,,0.15,12/8/2022,Post-IPO,United States,932,BKKT,Bakkt Holdings Inc. Class A Common Stock,$6.43 ,0.1499,2.39%,86253013,United States,,300330,Finance,Finance: Consumer Services
132,Beyond Meat,Los Angeles,Food,65,0.08,11/2/2023,Post-IPO,United States,122,BYND,Beyond Meat Inc. Common Stock,$7.74 ,0.49,6.76%,500602000,United States,2019,2218150,Consumer Staples,Packaged Foods
1011,BigBear.ai,Baltimore,Data,,0.07,9/8/2022,Post-IPO,United States,200,BBAI,BigBear.ai Inc. Common Stock,$1.47 ,-0.265,-15.32%,355450060,United States,2021,10096252,Technology,Computer Software: Prepackaged Software
125,BigCommerce,Austin,Retail,,0.07,11/8/2023,Post-IPO,United States,224,BIGC,BigCommerce Holdings Inc. Series 1 Common Stock,$5.95 ,-0.04,-0.67%,455770000,United States,2020,361462,Technology,Computer Software: Prepackaged Software
755,Bilibili,Shanghai,Media,,0.3,12/27/2022,Post-IPO,China,3700,BILI,Bilibili Inc. American Depositary Shares,$14.85 ,0.13,0.88%,6120528866,China,2018,6527300,Technology,EDP Services
954,BioMarin,SF Bay Area,Healthcare,120,0.04,10/7/2022,Post-IPO,United States,585,BMRN,BioMarin Pharmaceutical Inc. Common Stock,$82.67 ,-1.135,-1.35%,15696413915,United States,1999,1027984,Health Care,Biotechnology: Pharmaceutical Preparations
153,Bird,Los Angeles,Transportation,,,10/4/2023,Post-IPO,United States,916,BLBD,Blue Bird Corporation Common Stock,$35.29 ,0.99,2.89%,1136288312,United States,2014,171885,Consumer Discretionary,Construction/Ag Equipment/Trucks
1564,Bitfarms,Quebec,Crypto,,,4/6/2020,Post-IPO,Canada,25,BITF,Bitfarms Ltd. Common Stock,$1.83 ,0.025,1.39%,619175050,Canada,,8178788,Finance,Finance: Consumer Services
559,Blackbaud,Charleston,Other,500,0.14,2/14/2023,Post-IPO,United States,,BLKB,Blackbaud Inc. Common Stock,$78.02 ,-0.415,-0.53%,4027608319,United States,2004,202889,Technology,Computer Software: Prepackaged Software
224,BlackLine,Los Angeles,Finance,95,0.05,8/23/2023,Post-IPO,United States,220,BL,BlackLine Inc. Common Stock,$60.68 ,0.99,1.66%,3733040153,United States,2016,369423,Technology,Computer Software: Prepackaged Software
242,Blend,SF Bay Area,Finance,150,0.19,8/9/2023,Post-IPO,United States,665,BLND,Blend Labs Inc. Class A Common Stock,$2.31 ,-0.11,-4.55%,582230238,United States,2021,858840,Technology,Computer Software: Programming Data Processing
97,Bolt,SF Bay Area,Finance,,0.29,12/14/2023,Series E,United States,1300,BOLT,Bolt Biotherapeutics Inc. Common Stock,$1.10 ,0,0.00%,41940514,United States,2021,35757,Health Care,Biotechnology: Pharmaceutical Preparations
81,Branch,Columbus,Finance,85,,1/9/2024,Series C,United States,229,BOF,BranchOut Food Inc. Common Stock,$2.37 ,0.14,6.28%,9584877,United States,2023,79742,Consumer Staples,Packaged Foods
419,Brightcove,Boston,Marketing,70,0.1,5/3/2023,Post-IPO,United States,145,BCOV,Brightcove Inc. Common Stock,$1.89 ,0.065,3.57%,82384762,United States,2012,253863,Technology,EDP Services
1474,Builder,Los Angeles,Product,39,0.14,6/4/2020,Series A,United States,29,BLDR,Builders FirstSource Inc. Common Stock,$197.00 ,8.26,4.38%,24022193396,United States,2005,1342021,Consumer Discretionary,RETAIL: Building Materials
1475,Builder,Los Angeles,Product,39,0.14,6/4/2020,Series A,United States,29,TBLD,Thornburg Income Builder Opportunities Trust Common Stock,$15.69 ,0.24,1.55%,503364744,United States,2021,164015,Finance,Investment Managers
958,Built In,Chicago,Recruiting,50,0.25,10/5/2022,Series C,United States,29,TBLT,ToughBuilt Industries Inc. Common Stock,$2.51 ,0.14,5.91%,1425497,United States,2018,45091,Consumer Discretionary,Industrial Machinery/Components
18,Bumble,Austin,Consumer,350,0.3,2/27/2024,Post-IPO,United States,313,BMBL,Bumble Inc. Class A Common Stock,$10.05 ,-0.11,-1.08%,1300696336,United States,2021,2843170,Technology,Computer Software: Programming Data Processing
746,Butterfly Network,Boston,Healthcare,,0.25,1/4/2023,Post-IPO,United States,530,BFLY,Butterfly Network Inc. Class A Common Stock,$0.95 ,0.0239,2.59%,199371783,United States,2020,4668619,Health Care,Medical Electronics
25,BuzzFeed,New York City,Media,,0.16,2/21/2024,Post-IPO,United States,696,BZFD,BuzzFeed Inc. Class A Common Stock,$0.42 ,0.0223,5.65%,60793992,United States,2021,1365023,Consumer Discretionary,Telecommunications Equipment
430,BuzzFeed,New York City,Media,180,0.15,4/20/2023,Post-IPO,United States,696,BZFDW,BuzzFeed Inc. Warrant,$0.05 ,0.01,25.00%,7289448,United States,2021,89240,Consumer Discretionary,Telecommunications Equipment
110,C3.ai,SF Bay Area,AI,,,11/20/2023,Series F,United States,228,AI,C3.ai Inc. Class A Common Stock,$24.13 ,0.979,4.23%,2944915278,United States,2020,4641102,Technology,Computer Software: Prepackaged Software
1502,Cadre,New York City,Real Estate,28,0.25,5/11/2020,Series C,United States,133,CDRE,Cadre Holdings Inc. Common Stock,$34.35 ,0.51,1.51%,1291128427,United States,2021,90090,Health Care,Industrial Specialties
1503,Cadre,New York City,Real Estate,28,0.25,5/11/2020,Series C,United States,133,CVKD,Cadrenal Therapeutics Inc. Common Stock,$0.50 ,0.0339,7.29%,7986625,United States,2023,427479,Health Care,Biotechnology: Pharmaceutical Preparations
402,Cana,SF Bay Area,Food,,1,5/13/2023,Unknown,United States,30,VBIV,VBI Vaccines Inc. New Common Stock (Canada),$0.58 ,-0.0058,-1.00%,16399736,United States,,160796,Health Care,Pharmaceuticals and Biotechnology
1172,Canoo,Los Angeles,Transportation,58,0.06,7/1/2022,Post-IPO,United States,300,GOEV,Canoo Inc. Class A Common Stock,$2.79 ,-0.045,-1.59%,179346553,United States,2019,1761728,Consumer Discretionary,Auto Parts:O.E.M.
1173,Canoo,Los Angeles,Transportation,58,0.06,7/1/2022,Post-IPO,United States,300,GOEVW,Canoo Inc. Warrant,$0.06 ,-0.0092,-13.07%,3941116,United States,2019,99910,Consumer Discretionary,Auto Parts:O.E.M.
662,Capital One,Washington D.C.,Finance,1100,,1/19/2023,Post-IPO,United States,,COF,Capital One Financial Corporation Common Stock,$142.51 ,0.695,0.49%,54182142411,United States,1994,1022954,Finance,Major Banks
854,Cardlytics,Atlanta,Marketing,51,,11/14/2022,Post-IPO,United States,212,CDLX,Cardlytics Inc. Common Stock,$14.96 ,0.99,7.09%,659872166,United States,2018,858755,Technology,Computer Software: Programming Data Processing
1531,CarGurus,Boston,Transportation,130,0.13,4/16/2020,Post-IPO,United States,1,CARG,CarGurus Inc. Class A Common Stock ,$22.75 ,-0.16,-0.70%,2444240640,United States,2017,450041,Technology,EDP Services
769,Caribou,Washington D.C.,Finance,,,12/12/2022,Series C,United States,189,CRBU,Caribou Biosciences Inc. Common Stock,$3.77 ,0.125,3.43%,340034096,United States,2021,1481206,Health Care,Biotechnology: Biological Products (No Diagnostic Substances)
698,Carvana,Phoenix,Transportation,,,1/13/2023,Post-IPO,United States,1600,CVNA,Carvana Co. Class A Common Stock,$120.38 ,3.88,3.33%,24384981633,United States,2017,7435016,Consumer Discretionary,Other Specialty Stores
1125,Catalyst,New York City,Support,,,7/21/2022,Series B,United States,45,CLST,Catalyst Bancorp Inc. Common Stock,$11.73 ,-0.02,-0.17%,53492167,United States,2021,416,Finance,Savings Institutions
1126,Catalyst,New York City,Support,,,7/21/2022,Series B,United States,45,CPRX,Catalyst Pharmaceuticals Inc. Common Stock,$14.76 ,-0.265,-1.76%,1739072372,United States,2006,770361,Health Care,Biotechnology: Pharmaceutical Preparations
1127,Catalyst,New York City,Support,,,7/21/2022,Series B,United States,45,HCAT,Health Catalyst Inc Common Stock,$6.39 ,-0.155,-2.37%,373924787,United States,2019,234334,Technology,Computer Software: Programming Data Processing
1167,Cedar,New York City,Healthcare,,0.24,7/7/2022,Series D,United States,351,CDR^B,Cedar Realty Trust Inc. 7.25% Series B Cumulative Redeemable Preferred Stock,$16.18 ,0.3802,2.41%,,United States,,2088,,
1168,Cedar,New York City,Healthcare,,0.24,7/7/2022,Series D,United States,351,CDR^C,Cedar Realty Trust Inc. 6.50% Series C Cumulative Redeemable Preferred Stock,$12.80 ,0.35,2.81%,,United States,,1894,,
1169,Cedar,New York City,Healthcare,,0.24,7/7/2022,Series D,United States,351,FUN,Cedar Fair L.P. Common Stock,$39.00 ,1.135,3.00%,1989895002,United States,1987,111231,Consumer Discretionary,Services-Misc. Amusement & Recreation
1171,Celsius,New York City,Crypto,150,0.25,7/3/2022,Series B,United States,864,CELH,Celsius Holdings Inc. Common Stock,$75.81 ,1.425,1.92%,17646873896,United States,,3487325,Consumer Staples,Beverages (Production/Distribution)
719,Century Therapeutics,Philadelphia,Healthcare,,,1/9/2023,Post-IPO,United States,560,IPSC,Century Therapeutics Inc. Common Stock,$3.00 ,0,0.00%,194453589,United States,2021,144366,Health Care,Biotechnology: Biological Products (No Diagnostic Substances)
79,ChargePoint,SF Bay Area,Manufacturing,,0.12,1/10/2024,Unknown,United States,1400,CHPT,ChargePoint Holdings Inc. Common Stock,$1.63 ,0.11,7.24%,690076003,United States,2019,12313169,Miscellaneous,Diversified Commercial Services
1414,Cheetah,SF Bay Area,Food,,,10/25/2020,Series B,United States,67,CTNT,Cheetah Net Supply Chain Service Inc. Class A Common Stock,$1.66 ,-0.04,-2.35%,18157626,United States,2023,14573,Consumer Discretionary,Motor Vehicles
1415,Chef,Seattle,Infrastructure,,,10/8/2020,Acquired,United States,105,CHEF,The Chefs' Warehouse Inc. Common Stock,$37.56 ,0.615,1.67%,1493625255,United States,2011,244930,Consumer Discretionary,Food Distributors
345,Chegg,SF Bay Area,Education,80,0.04,6/12/2023,Post-IPO,United States,227,CHGG,Chegg Inc. Common Stock,$5.17 ,-0.045,-0.86%,527952618,United States,2013,3075219,Real Estate,Other Consumer Services
117,Chewy,Miami,Retail,200,,11/14/2023,Post-IPO,United States,451,CHWY,Chewy Inc. Class A Common Stock,$15.93 ,-0.01,-0.06%,6928203979,United States,2019,3802732,Consumer Discretionary,Catalog/Specialty Distribution
31,Cisco,SF Bay Area,Infrastructure,4250,0.05,2/14/2024,Post-IPO,United States,2,CSCO,Cisco Systems Inc. Common Stock (DE),$47.14 ,0.35,0.75%,1.90879E+11,United States,1990,9714024,Telecommunications,Computer Communications Equipment
76,Cloudflare,SF Bay Area,Security,40,,1/11/2024,Post-IPO,United States,332,NET,Cloudflare Inc. Class A Common Stock,$73.90 ,-15.07,-16.94%,24953018206,United States,2019,16396978,Technology,Computer Software: Prepackaged Software
681,Coda,SF Bay Area,Other,,,1/18/2023,Series D,United States,240,CODA,Coda Octopus Group Inc. Common stock,$6.83 ,0.32,4.92%,76309425,United States,,2364,Industrials,Industrial Machinery/Components
804,Codexis,SF Bay Area,Healthcare,,0.18,11/29/2022,Post-IPO,United States,162,CDXS,Codexis Inc. Common Stock,$3.91 ,0.565,16.92%,274535710,United States,2010,1565643,Industrials,Major Chemicals
794,Cognyte,Tel Aviv,Security,100,0.05,12/2/2022,Unknown,Israel,,CGNT,Cognyte Software Ltd. Ordinary Shares,$7.32 ,0.32,4.57%,519694636,Israel,,180772,Technology,Computer Software: Prepackaged Software
350,Coherent,SF Bay Area,Manufacturing,196,,6/6/2023,Post-IPO,United States,,COHR,Coherent Corp. Common Stock,$56.23 ,0.865,1.56%,8535705941,United States,,972978,Technology,Electronic Components
714,Coinbase,SF Bay Area,Crypto,950,0.2,1/10/2023,Post-IPO,United States,549,COIN,Coinbase Global Inc. Class A Common Stock,$224.56 ,-4.29,-1.88%,54405313298,United States,,12081096,Finance,Finance: Consumer Services
1296,Community,Los Angeles,Marketing,40,0.3,6/21/2022,Unknown,United States,40,CBU,Community Bank System Inc. Common Stock,$46.07 ,0.95,2.11%,2456845561,United States,,160529,Finance,Major Banks
741,Compass,New York City,Real Estate,,,1/5/2023,Post-IPO,United States,1600,COMP,Compass Inc. Class A Common Stock,$3.38 ,0.21,6.63%,1660541353,United States,2021,4108948,Technology,EDP Services
649,Confluent,SF Bay Area,Data,221,0.08,1/26/2023,Post-IPO,United States,455,CFLT,Confluent Inc. Class A Common Stock,$28.68 ,0.51,1.81%,8965995060,United States,2021,1556644,Technology,Computer Software: Prepackaged Software
1571,Copper,SF Bay Area,Marketing,35,,4/2/2020,Series C,United States,102,SCCO,Southern Copper Corporation Common Stock,$115.49 ,2.47,2.19%,89287174809,United States,,1105229,Basic Materials,Metal Mining
1085,Core Scientific,Austin,Crypto,,0.1,8/12/2022,Post-IPO,United States,169,CORZ,Core Scientific Inc. Common Stock,$3.35 ,0.145,4.53%,594058868,United States,,1297648,Finance,Finance: Consumer Services
1086,Core Scientific,Austin,Crypto,,0.1,8/12/2022,Post-IPO,United States,169,CORZW,Core Scientific Inc. Tranche 1 Warrants,$0.96 ,0.02,2.13%,0,United States,,152482,Finance,Finance: Consumer Services
1087,Core Scientific,Austin,Crypto,,0.1,8/12/2022,Post-IPO,United States,169,CORZZ,Core Scientific Inc. Tranche 2 Warrants,$1.94 ,0.17,9.61%,344536384,United States,,101416,Finance,Finance: Consumer Services
366,Coupa,SF Bay Area,Finance,,,5/30/2023,Acquired,United States,219,CPNG,Coupang Inc. Class A Common Stock,$22.98 ,0.475,2.11%,41201474548,United States,2021,9130457,Consumer Discretionary,Catalog/Specialty Distribution
899,Coursera,SF Bay Area,Education,,,11/9/2022,Post-IPO,United States,458,COUR,Coursera Inc. Common Stock,$9.63 ,0.095,1.00%,1510605693,United States,2021,2112561,Technology,Computer Software: Prepackaged Software
3,Criteo,Paris,Marketing,140,0.04,4/12/2024,Post-IPO,France,61,CRTO,Criteo S.A. American Depositary Shares,$37.69 ,0.535,1.44%,2081230098,France,2013,150677,Consumer Discretionary,Advertising
95,Cruise,SF Bay Area,Transportation,900,0.24,12/14/2023,Acquired,United States,15000,NCLH,Norwegian Cruise Line Holdings Ltd. Ordinary Shares,$15.98 ,0.025,0.16%,6799878051,United States,,11471405,Consumer Discretionary,Marine Transportation
96,Cruise,SF Bay Area,Transportation,900,0.24,12/14/2023,Acquired,United States,15000,RCL,Royal Caribbean Cruises Ltd. Common Stock,$138.92 ,1.54,1.12%,35750950308,United States,1993,1569092,Consumer Discretionary,Marine Transportation
406,CS Disco,Austin,Legal,,0.08,5/11/2023,Post-IPO,United States,233,LAW,CS Disco Inc. Common Stock,$7.83 ,0.16,2.09%,478110511,United States,2021,195970,Technology,Computer Software: Prepackaged Software
728,Cue,San Diego,Healthcare,388,,1/5/2023,Post-IPO,United States,999,CUE,Cue Biopharma Inc. Common Stock,$2.10 ,0.2198,11.69%,102141235,United States,2018,593738,Health Care,Biotechnology: Pharmaceutical Preparations
43,Cue Health,San Diego,Healthcare,245,0.3,2/2/2024,Post-IPO,United States,899,HLTH,Cue Health Inc. Common Stock,$0.13 ,-0.0055,-3.93%,21320443,United States,2021,354374,Industrials,Biotechnology: Laboratory Analytical Instruments
149,Dash,New York City,Finance,,1,10/6/2023,Unknown,United States,86,DASH,DoorDash Inc. Class A Common Stock,$114.49 ,0.175,0.15%,46814567488,United States,,4281962,Consumer Discretionary,Business Services
702,Definitive Healthcare,Boston,Healthcare,55,0.06,1/12/2023,Post-IPO,United States,,DH,Definitive Healthcare Corp. Class A Common Stock,$7.00 ,0.005,0.07%,823472560,United States,2021,210205,Technology,Computer Software: Prepackaged Software
12,Dell,Austin,Hardware,6000,0.05,3/25/2024,Post-IPO,United States,,DELL,Dell Technologies Inc. Class C Common Stock ,$125.65 ,2.26,1.83%,89687755593,United States,2018,2873807,Technology,Computer Manufacturing
61,Desktop Metal,Boston,Other,,0.2,1/24/2024,Post-IPO,United States,811,DM,Desktop Metal Inc. Class A Common Stock,$0.86 ,0.0586,7.36%,281938110,United States,2019,2214049,Technology,Computer peripheral equipment
811,Devo,Boston,Security,,0.15,11/21/2022,Series F,United States,481,DVN,Devon Energy Corporation Common Stock,$50.49 ,0.145,0.29%,32057975000,United States,1985,7028332,Energy,Oil & Gas Production
367,DHI Group,New York City,Recruiting,53,0.1,5/26/2023,Post-IPO,United States,,DHX,DHI Group Inc. Common Stock,$2.65 ,0.04,1.53%,127286091,United States,2007,87945,Consumer Discretionary,Business Services
550,Digimarc,Portland,Other,,,2/17/2023,Post-IPO,United States,105,DMRC,Digimarc Corporation Common Stock,$22.87 ,0.26,1.15%,467545041,United States,,317472,Technology,EDP Services
556,DigitalOcean,New York City,Infrastructure,200,0.11,2/15/2023,Post-IPO,United States,491,DOCN,DigitalOcean Holdings Inc. Common Stock,$34.14 ,-1.2,-3.40%,3099799167,United States,2021,1266842,Technology,Computer Software: Programming Data Processing
40,DocuSign,SF Bay Area,Sales,440,0.06,2/6/2024,Post-IPO,United States,536,DOCU,DocuSign Inc. Common Stock,$59.84 ,1.08,1.84%,12292041319,United States,2018,914066,Technology,EDP Services
778,Doma,SF Bay Area,Finance,515,0.4,12/6/2022,Post-IPO,United States,679,DOMA,Doma Holdings Inc. Common Stock,$6.06 ,0.0364,0.61%,84109902,United States,2021,2024,Finance,Specialty Insurers
105,Domo,Salt Lake City,Data,,0.07,11/30/2023,Post-IPO,United States,689,DOMO,Domo Inc. Class B Common Stock,$7.44 ,-0.07,-0.93%,282952202,United States,2018,155516,Technology,Computer Software: Prepackaged Software
1123,Dover,SF Bay Area,Recruiting,23,0.3,7/26/2022,Series A,United States,22,DOV,Dover Corporation Common Stock,$179.03 ,1.475,0.83%,24603434394,United States,,824766,Industrials,Industrial Machinery/Components
246,Doximity,SF Bay Area,Healthcare,100,0.1,8/8/2023,Post-IPO,United States,82,DOCS,Doximity Inc. Class A Common Stock,$24.20 ,-0.12,-0.49%,4514600750,United States,2021,446808,Technology,EDP Services
610,DraftKings,Boston,Consumer,140,0.04,2/1/2023,Post-IPO,United States,719,DKNG,DraftKings Inc. Class A Common Stock,$42.17 ,-0.8577,-1.99%,36547927066,United States,2019,24550224,Consumer Discretionary,Services-Misc. Amusement & Recreation
422,Dropbox,SF Bay Area,Other,500,0.16,4/27/2023,Post-IPO,United States,1700,DBX,Dropbox Inc. Class A Common Stock,$23.45 ,-0.145,-0.62%,8064708584,United States,2018,2415072,Technology,Computer Software: Prepackaged Software
64,eBay,SF Bay Area,Retail,1000,0.09,1/23/2024,Post-IPO,United States,1200,EBAY,eBay Inc. Common Stock,$49.77 ,0.375,0.76%,25778270000,United States,1998,5324484,Consumer Discretionary,Catalog/Specialty Distribution
15,Edgio,Phoenix,Infrastructure,80,0.1,3/4/2024,Post-IPO,United States,462,EGIO,Edgio Inc. Common Stock,$9.05 ,-0.8,-8.12%,52990918,United States,2007,132443,Consumer Discretionary,Business Services
720,Editas Medicine,Boston,Healthcare,,0.2,1/9/2023,Post-IPO,United States,656,EDIT,Editas Medicine Inc. Common Stock,$5.69 ,0.07,1.25%,465520807,United States,2016,1144866,Health Care,Biotechnology: Biological Products (No Diagnostic Substances)
800,Elastic,SF Bay Area,Data,,0.13,11/30/2022,Post-IPO,United States,162,ESTC,Elastic N.V. Ordinary Shares,$105.94 ,-0.16,-0.15%,10679548987,United States,2018,430909,Technology,Computer Software: Prepackaged Software
562,Electric,New York City,Other,141,0.25,2/13/2023,Series D,United States,212,AEP,American Electric Power Company Inc. Common Stock,$88.25 ,0,0.00%,46518495232,United States,,1250302,Utilities,Electric Utilities: Central
16,Electronic Arts,SF Bay Area,Consumer,670,0.05,2/28/2024,Post-IPO,United States,2,EA,Electronic Arts Inc. Common Stock,$129.57 ,1.07,0.83%,34640599232,United States,,972443,Technology,Computer Software: Prepackaged Software
226,Embrace,SF Bay Area,Product,,,8/18/2023,Unknown,United States,77,EMCG,Embrace Change Acquisition Corp Ordinary Shares,$11.21 ,-0.0288,-0.26%,0,United States,2022,192014,Finance,Blank Checks
227,Embrace,SF Bay Area,Product,,,8/18/2023,Unknown,United States,77,EMCGR,Embrace Change Acquisition Corp Rights,$0.13 ,-0.01,-7.14%,0,United States,2022,800,Finance,Blank Checks
152,Enovix,SF Bay Area,Energy,185,,10/5/2023,Post-IPO,United States,516,ENVX,Enovix Corporation Common Stock,$10.10 ,0.63,6.65%,1701891774,United States,2021,10161831,Miscellaneous,Industrial Machinery/Components
92,Enphase Energy,SF Bay Area,Energy,350,0.1,12/18/2023,Post-IPO,United States,116,ENPH,Enphase Energy Inc. Common Stock,$113.44 ,7.38,6.96%,15434956885,United States,2012,4866246,Technology,Semiconductors
1540,Envoy,SF Bay Area,HR,58,0.3,4/14/2020,Series B,United States,59,COCH,Envoy Medical Inc. Class A Common Stock,$4.45 ,-0.4,-8.25%,87219920,United States,2021,21984,Health Care,Industrial Specialties
1541,Envoy,SF Bay Area,HR,58,0.3,4/14/2020,Series B,United States,59,COCHW,Envoy Medical Inc Warrant,$0.14 ,0.003,2.14%,2802797,United States,2021,7694,Health Care,Industrial Specialties
539,Ericsson,Stockholm,Other,8500,0.08,2/24/2023,Post-IPO,Sweden,663,ERIC,Ericsson American Depositary Shares,$5.22 ,0.07,1.36%,17456472057,Sweden,,12235558,Technology,Radio And Television Broadcasting And Communications Equipment
717,Esper,Seattle,Other,,0.21,1/10/2023,Series A,United States,10,ESPR,Esperion Therapeutics Inc. Common Stock,$2.08 ,0.015,0.73%,383984363,United States,2013,4828322,Health Care,Biotechnology: Pharmaceutical Preparations
98,Etsy,New York City,Retail,225,0.11,12/13/2023,Post-IPO,United States,97,ETSY,Etsy Inc. Common Stock,$60.08 ,0.84,1.42%,7119025855,United States,2015,4469279,Consumer Discretionary,Business Services
536,Eventbrite,SF Bay Area,Consumer,80,0.08,2/28/2023,Post-IPO,United States,557,EB,Eventbrite Inc. Class A Common Stock,$5.58 ,0.025,0.45%,567915745,United States,2018,2589066,Technology,Computer Software: Programming Data Processing
540,EVgo,Los Angeles,Transportation,40,,2/23/2023,Post-IPO,United States,400,EVGO,EVgo Inc. Class A Common Stock,$1.98 ,0.08,4.21%,597000985,United States,,3605896,Technology,EDP Services
541,EVgo,Los Angeles,Transportation,40,,2/23/2023,Post-IPO,United States,400,EVGOW,EVgo Inc. Warrants,$0.17 ,0.0066,4.04%,51287812,United States,,22564,Technology,EDP Services
22,Expedia,Seattle,Travel,1500,0.08,2/26/2024,Post-IPO,United States,3300,EXPE,Expedia Group Inc. Common Stock,$115.39 ,-20.7,-15.21%,15726325284,United States,,12001862,Consumer Discretionary,Transportation Services
130,F5,Seattle,Security,120,0.02,11/3/2023,Post-IPO,United States,,FFIV,F5 Inc. Common Stock,$166.07 ,-0.005,0.00%,9765656917,United States,1999,370270,Telecommunications,Computer Communications Equipment
4,Fabric,New York City,Logistics,30,0.15,4/11/2024,Series C,United States,336,GIFI,Gulf Island Fabrication Inc. Common Stock,$7.16 ,0.06,0.85%,115970742,United States,1997,60003,Industrials,Metal Fabrications
1376,Fast,SF Bay Area,Finance,,1,4/5/2022,Series B,United States,124,FAST,Fastenal Company Common Stock,$68.46 ,0.365,0.54%,39193735621,United States,1987,1631066,Consumer Discretionary,RETAIL: Building Materials
1377,Fast,SF Bay Area,Finance,,1,4/5/2022,Series B,United States,124,FSLY,Fastly Inc. Class A Common Stock,$8.43 ,-0.365,-4.15%,1150855000,United States,2019,8243194,Technology,Computer Software: Prepackaged Software
718,Fate Therapeutics,San Diego,Healthcare,315,0.5700000000000001,1/9/2023,Post-IPO,United States,1200,FATE,Fate Therapeutics Inc. Common Stock,$4.11 ,0.0097,0.24%,407836387,United States,2013,1398008,Health Care,Biotechnology: Biological Products (No Diagnostic Substances)
1573,FiscalNote,Washington D.C.,Media,30,,4/2/2020,Series D,United States,50,NOTE,FiscalNote Holdings Inc. Class A common stock,$1.40 ,0.045,3.33%,182758558,United States,2022,361707,Consumer Discretionary,Business Services
1504,Flywire,Boston,Finance,60,0.12,5/7/2020,Series E,United States,263,FLYW,Flywire Corporation Voting Common Stock,$19.81 ,-0.445,-2.20%,2395513656,United States,2021,974274,Consumer Discretionary,Business Services
216,Fortinet,SF Bay Area,Security,,,8/25/2023,Post-IPO,United States,89,FTNT,Fortinet Inc. Common Stock,$58.94 ,-6.26,-9.60%,44973044075,United States,2009,12924908,Technology,Computer peripheral equipment
1165,Forward,SF Bay Area,Healthcare,,0.05,7/11/2022,Series D,United States,225,FORD,Forward Industries Inc. Common Stock,$0.53 ,0.0115,2.22%,5332428,United States,,5918,,
1166,Forward,SF Bay Area,Healthcare,,0.05,7/11/2022,Series D,United States,225,FWRD,Forward Air Corporation Common Stock,$21.80 ,0.679,3.22%,574847696,United States,,413050,Consumer Discretionary,Oil Refining/Marketing
348,Freshworks,SF Bay Area,Support,,,6/8/2023,Post-IPO,United States,484,FRSH,Freshworks Inc. Class A Common Stock,$14.00 ,-0.67,-4.57%,4183480700,United States,2021,5184751,Technology,Computer Software: Prepackaged Software
732,Genesis,New York City,Crypto,60,0.3,1/5/2023,Series A,United States,,GEL,Genesis Energy L.P. Common Units,$12.75 ,0.5,4.08%,1561420055,United States,2001,342344,Energy,Oil Refining/Marketing
733,Genesis,New York City,Crypto,60,0.3,1/5/2023,Series A,United States,,THMO,ThermoGenesis Holdings Inc. Common Stock,$0.74 ,0.0489,7.08%,5885057,United States,,8919,Industrials,Medical Specialities
590,GitLab,SF Bay Area,Product,130,0.07,2/9/2023,Post-IPO,United States,413,GTLB,GitLab Inc. Class A Common Stock,$54.67 ,0.25,0.46%,8670662000,United States,2021,970441,Technology,Computer Software: Prepackaged Software
592,GoDaddy,Phoenix,Marketing,530,0.08,2/8/2023,Post-IPO,United States,800,GDDY,GoDaddy Inc. Class A Common Stock,$123.18 ,-1.15,-0.93%,17550492638,United States,2015,1622896,Technology,EDP Services
1090,GoHealth,Chicago,Healthcare,800,0.2,8/9/2022,Post-IPO,United States,75,GOCO,GoHealth Inc. Class A Common Stock,$10.15 ,-0.17,-1.65%,228187996,United States,2020,6008,Finance,Specialty Insurers
1037,GoodRx,Los Angeles,Healthcare,140,0.16,8/31/2022,Post-IPO,United States,910,GDRX,GoodRx Holdings Inc. Class A Common Stock,$7.08 ,0.065,0.93%,2794606407,United States,2020,368167,Technology,EDP Services
11,GoPro,SF Bay Area,Consumer,,0.04,3/26/2024,Post-IPO,United States,288,GPRO,GoPro Inc. Class A Common Stock,$1.92 ,0.005,0.26%,287052598,United States,2014,795075,Consumer Discretionary,Industrial Machinery/Components
338,Grab,Singapore,Transportation,1000,0.11,6/20/2023,Post-IPO,Singapore,16500,GRAB,Grab Holdings Limited Class A Ordinary Shares,$3.51 ,0.0113,0.32%,13707212975,Singapore,,11565538,Consumer Discretionary,Business Services
339,Grab,Singapore,Transportation,1000,0.11,6/20/2023,Post-IPO,Singapore,16500,GRABW,Grab Holdings Limited Warrant,$0.20 ,0.0078,4.06%,780748610,Singapore,,1885,Consumer Discretionary,Business Services
632,Groupon,Chicago,Retail,500,,1/30/2023,Post-IPO,United States,1400,GRPN,Groupon Inc. Common Stock,$11.15 ,-0.13,-1.15%,434519068,United States,2011,526201,Consumer Discretionary,Advertising
651,Guardant Health,SF Bay Area,Healthcare,130,0.07,1/25/2023,Post-IPO,United States,550,GH,Guardant Health Inc. Common Stock,$18.81 ,0.225,1.21%,2288807775,United States,2018,649912,Health Care,Medical Specialities
1089,Guidewire,SF Bay Area,Finance,,0.02,8/11/2022,Post-IPO,United States,24,GWRE,Guidewire Software Inc. Common Stock,$113.27 ,-0.02,-0.02%,9437895400,United States,2012,121760,Technology,Computer Software: Prepackaged Software
368,Guild,Denver,Education,172,0.12,5/24/2023,Series F,United States,643,GHLD,Guild Holdings Company Class A Common Stock,$13.75 ,-0.29,-2.07%,840188608,United States,2020,603,Finance,Finance: Consumer Services
349,HashiCorp,SF Bay Area,Infrastructure,,0.08,6/7/2023,Post-IPO,United States,349,HCP,HashiCorp Inc. Class A Common Stock,$32.84 ,0.02,0.06%,6553065550,United States,2021,6243614,Technology,EDP Services
71,Hologram,Chicago,Infrastructure,,,1/12/2024,Unknown,United States,82,HOLO,MicroCloud Hologram Inc. Ordinary Shares,$2.27 ,-0.2801,-10.98%,13485939,United States,2021,8367501,Technology,Computer Software: Programming Data Processing
72,Hologram,Chicago,Infrastructure,,,1/12/2024,Unknown,United States,82,HOLOW,MicroCloud Hologram Inc. Warrant,$0.07 ,-0.003,-4.11%,415884,United States,2021,37299,Technology,Computer Software: Programming Data Processing
62,HubSpot,Boston,Marketing,,,1/24/2024,Post-IPO,United States,100,HUBS,HubSpot Inc. Common Stock,$601.92 ,11.03,1.87%,30501990827,United States,2014,258656,Technology,Computer Software: Prepackaged Software
77,IAC,New York City,Consumer,330,,1/10/2024,Post-IPO,United States,,IAC,IAC Inc. Common Stock,$54.72 ,1.06,1.98%,4704038781,United States,,3313228,Technology,Computer Software: Programming Data Processing
461,iCAD,Nashua,Healthcare,23,0.28,3/29/2023,Post-IPO,United States,59,ICAD,iCAD Inc. Common Stock,$1.46 ,-0.03,-2.01%,38748444,United States,,53648,Health Care,Medical/Dental Instruments
1516,Ike,SF Bay Area,Transportation,10,0.14,4/22/2020,Series A,United States,52,IKNA,Ikena Oncology Inc. Common Stock,$1.32 ,0,0.00%,63700707,United States,2021,310156,Health Care,Biotechnology: Biological Products (No Diagnostic Substances)
46,Illumina,San Diego,Healthcare,111,,2/1/2024,Post-IPO,United States,28,ILMN,Illumina Inc. Common Stock,$119.08 ,-4.91,-3.96%,18921812000,United States,2000,2218080,Health Care,Medical Specialities
32,Impinj,Seattle,Other,50,0.1,2/13/2024,Post-IPO,United States,137,PI,Impinj Inc. Common Stock,$162.67 ,2.94,1.84%,4508066065,United States,2016,213084,Technology,Industrial Machinery/Components
134,Informatica,SF Bay Area,Data,545,0.1,11/1/2023,Post-IPO,United States,,INFA,Informatica Inc. Class A Common Stock,$29.71 ,-0.61,-2.01%,8766830959,United States,2021,1490046,Technology,Computer Software: Prepackaged Software
47,Innoviz,Tel Aviv,Transportation,60,0.13,1/31/2024,Post-IPO,Israel,547,INVZ,Innoviz Technologies Ltd. Ordinary shares,$1.21 ,0.0888,7.93%,199919924,Israel,,3776653,Consumer Discretionary,Auto Parts:O.E.M.
48,Innoviz,Tel Aviv,Transportation,60,0.13,1/31/2024,Post-IPO,Israel,547,INVZW,Innoviz Technologies Ltd. Warrant,$0.20 ,-0.0313,-13.53%,33077420,Israel,,483,Consumer Discretionary,Auto Parts:O.E.M.
303,Inspirato,Denver,Travel,50,0.06,7/19/2023,Post-IPO,United States,179,ISPO,Inspirato Incorporated Class A Common Stock,$3.93 ,-0.0658,-1.65%,13089286,United States,2021,1974,Finance,Blank Checks
1487,Intapp,SF Bay Area,Legal,45,0.05,5/18/2020,Private Equity,United States,,INTA,Intapp Inc. Common Stock,$30.76 ,-0.45,-1.44%,2222726459,United States,2021,385987,Technology,Computer Software: Prepackaged Software
776,Integral Ad Science,New York City,Marketing,120,0.13,12/7/2022,Acquired,United States,116,IAS,Integral Ad Science Holding Corp. Common Stock,$9.94 ,0.055,0.56%,1584832124,United States,2021,672039,Technology,Computer Software: Programming Data Processing
723,Integrate,Phoenix,Marketing,,,1/7/2023,Acquired,United States,80,NVOS,Novo Integrated Sciences Inc. Common Stock,$0.52 ,-0.0774,-12.90%,9955988,United States,,1430789,Industrials,Industrial Machinery/Components
6,Intel,SF Bay Area,Hardware,62,,4/9/2024,Post-IPO,United States,12,INTC,Intel Corporation Common Stock,$30.87 ,0.3553,1.17%,1.31394E+11,United States,,26755437,Technology,Semiconductors
1458,Intuit,SF Bay Area,Finance,715,0.07,6/22/2020,Post-IPO,United States,18,INTU,Intuit Inc. Common Stock,$629.74 ,15.695,2.56%,1.76313E+11,United States,1993,686537,Technology,Computer Software: Prepackaged Software
53,iRobot,Boston,Consumer,350,0.31,1/29/2024,Post-IPO,United States,30,IRBT,iRobot Corporation Common Stock,$9.38 ,0.475,5.34%,262167788,United States,2005,964837,Consumer Discretionary,Consumer Electronics/Appliances
207,iSpecimen,Boston,Healthcare,,0.2,9/6/2023,Post-IPO,United States,31,ISPC,iSpecimen Inc. Common Stock,$0.27 ,0.0031,1.16%,2449981,United States,2021,272175,Health Care,Biotechnology: Commercial Physical & Biological Resarch
56,Jamf,Minneapolis,Other,,0.06,1/25/2024,Post-IPO,United States,332,JAMF,Jamf Holding Corp. Common Stock,$20.15 ,0.24,1.21%,2559988265,United States,2020,395773,Technology,Computer Software: Prepackaged Software
146,Juniper Networks,SF Bay Area,Hardware,440,0.04,10/6/2023,Post-IPO,United States,39,JNPR,Juniper Networks Inc. Common Stock,$34.88 ,0.23,0.66%,11335577847,United States,1999,1346831,Telecommunications,Computer Communications Equipment
745,Kaltura,New York City,Media,75,0.11,1/4/2023,Post-IPO,United States,166,KLTR,Kaltura Inc. Common Stock,$1.22 ,-0.0043,-0.35%,174158905,United States,2021,25056,Technology,Computer Software: Prepackaged Software
329,Karat,Seattle,HR,47,,6/28/2023,Unknown,United States,169,KRT,Karat Packaging Inc. Common Stock,$27.50 ,-0.33,-1.19%,549230825,United States,2021,37285,Industrials,Plastic Products
846,Kite,SF Bay Area,Product,,1,11/16/2022,Series A,United States,21,KRG,Kite Realty Group Trust Common Stock,$20.99 ,-0.405,-1.89%,4605125283,United States,2004,1238291,Real Estate,Real Estate Investment Trusts
481,Klaviyo,Boston,Marketing,140,,3/15/2023,Unknown,United States,778,KVYO,Klaviyo Inc. Series A Common Stock,$22.49 ,-0.01,-0.04%,5875164557,United States,2023,733617,Technology,Computer Software: Prepackaged Software
458,Kyndryl,New York City,Infrastructure,,,3/30/2023,Post-IPO,United States,,KD,Kyndryl Holdings Inc. Common Stock,$20.58 ,0.69,3.47%,4735526902,United States,2021,822183,Technology,EDP Services
650,Lam Research,SF Bay Area,Hardware,1300,0.07,1/25/2023,Post-IPO,United States,,LRCX,Lam Research Corporation Common Stock,$908.20 ,24.515,2.77%,1.18738E+11,United States,1984,400578,Technology,Industrial Machinery/Components
727,Lantern,Grand Rapids,Retail,,1,1/6/2023,Seed,United States,40,LTRN,Lantern Pharma Inc. Common Stock,$6.12 ,0.63,11.48%,65736903,United States,2020,172979,Health Care,Biotechnology: Pharmaceutical Preparations
700,Lattice,SF Bay Area,HR,105,0.15,1/12/2023,Series F,United States,328,LSCC,Lattice Semiconductor Corporation Common Stock,$70.62 ,0.76,1.09%,9713526697,United States,,668945,Technology,Semiconductors
479,Leafly,Seattle,Retail,40,0.21,3/16/2023,Post-IPO,United States,71,LFLY,Leafly Holdings Inc. Common Stock,$2.81 ,-0.18,-6.02%,6467201,United States,2019,59028,Technology,Computer Software: Prepackaged Software
480,Leafly,Seattle,Retail,40,0.21,3/16/2023,Post-IPO,United States,71,LFLYW,Leafly Holdings Inc. Warrant,$0.04 ,0.0099,33.00%,91830,United States,2019,2300,Technology,Computer Software: Prepackaged Software
141,LegalZoom,Austin,Legal,100,,10/19/2023,Post-IPO,United States,951,LZ,LegalZoom.com Inc. Common Stock,$11.93 ,-0.12,-1.00%,2242044209,United States,2021,674073,Technology,EDP Services
371,Lemonade,New York City,Finance,45,0.03,5/16/2023,Post-IPO,United States,481,LMND,Lemonade Inc. Common Stock,$17.15 ,-0.595,-3.35%,1208749555,United States,2020,1213570,Finance,Property-Casualty Insurers
453,LendingTree,Charlotte,Finance,150,0.13,3/30/2023,Post-IPO,United States,,TREE,LendingTree Inc. Common Stock,$49.37 ,0.04,0.08%,652894306,United States,,169777,Finance,Finance/Investors Services
420,Lev,New York City,Real Estate,34,,5/1/2023,Series B,United States,114,LEVI,Levi Strauss & Co Class A Common Stock,$21.98 ,0.055,0.25%,8746692373,United States,2019,1048925,Consumer Discretionary,Apparel
9,Lightspeed Commerce,Montreal,Retail,280,,4/3/2024,Post-IPO,Canada,1200,LSPD,Lightspeed Commerce Inc. Subordinate Voting Shares,$13.43 ,0.14,1.05%,2057989281,Canada,,389632,,
1510,Lime,SF Bay Area,Transportation,80,0.13,4/29/2020,Series D,United States,765,USLM,United States Lime & Minerals Inc. Common Stock,$338.62 ,11.94,3.66%,1933233727,United States,,20718,Industrials,Mining & Quarrying of Nonmetallic Minerals (No Fuels)
1004,LivePerson,New York City,Support,193,0.11,9/15/2022,Post-IPO,United States,42,LPSN,LivePerson Inc. Common Stock,$0.58 ,0.0144,2.55%,51104389,United States,2000,6659623,Technology,EDP Services
911,LiveRamp,SF Bay Area,Marketing,,0.1,11/3/2022,Post-IPO,United States,16,RAMP,LiveRamp Holdings Inc. Common Stock,$32.63 ,0.15,0.46%,2159575143,United States,2018,171691,Technology,EDP Services
456,Loop,Austin,Finance,19,0.25,3/30/2023,Series A,United States,24,LPTV,Loop Media Inc. Common Stock,$0.31 ,-0.0044,-1.38%,22226026,United States,2022,126670,Consumer Discretionary,Professional Services
682,Lucid Diagnostics,New York City,Healthcare,,0.2,1/18/2023,Post-IPO,United States,,LUCD,Lucid Diagnostics Inc. Common Stock,$0.93 ,-0.0202,-2.13%,44858013,United States,2021,276012,Health Care,Medical/Dental Instruments
428,Lyft,SF Bay Area,Transportation,1072,0.26,4/21/2023,Post-IPO,United States,4900,LYFT,Lyft Inc. Class A Common Stock,$17.13 ,0.285,1.69%,6846688590,United States,2019,13461005,Consumer Discretionary,Business Services
669,Magnite,Los Angeles,Marketing,,0.06,1/19/2023,Post-IPO,United States,400,MGNI,Magnite Inc. Common Stock,$9.25 ,0.125,1.37%,1293671830,United States,,834121,Technology,Computer Software: Programming Data Processing
1449,MakeMyTrip,New Delhi,Travel,350,0.1,8/31/2020,Post-IPO,India,548,MMYT,MakeMyTrip Limited Ordinary Shares,$72.48 ,2.01,2.85%,7692336683,India,2010,607512,Consumer Discretionary,Transportation Services
143,MariaDB,SF Bay Area,Data,84,0.28,10/12/2023,Post-IPO,United States,272,MRDB,MariaDB plc Ordinary Shares,$0.52 ,-0.0056,-1.06%,35527801,United States,2022,437624,Technology,Computer Software: Prepackaged Software
118,Markforged,Boston,Manufacturing,,,11/14/2023,Post-IPO,United States,347,MKFG,Markforged Holding Corporation Common Stock,$0.64 ,0.0242,3.95%,126966843,United States,2020,112462,Technology,Computer peripheral equipment
411,Marqeta,SF Bay Area,Finance,,0.15,5/9/2023,Post-IPO,United States,530,MQ,Marqeta Inc. Class A Common Stock,$5.50 ,-0.065,-1.17%,2823392055,United States,2021,6379392,Technology,Computer Software: Prepackaged Software
472,Marvell,SF Bay Area,Hardware,320,0.04,3/21/2023,Post-IPO,United States,,MRVL,Marvell Technology Inc. Common Stock,$68.29 ,1.615,2.42%,59134810000,United States,2000,5222055,Technology,Semiconductors
624,Match Group,New York City,Consumer,,0.08,2/1/2023,Post-IPO,United States,,MTCH,Match Group Inc. Common Stock,$31.86 ,0.57,1.82%,8538854482,United States,,3002694,Technology,Computer Software: Programming Data Processing
323,Matterport,SF Bay Area,Data,170,0.3,7/11/2023,Post-IPO,United States,409,MTTR,Matterport Inc. Class A Common Stock,$4.52 ,0.005,0.11%,1403745579,United States,2021,2112477,Technology,Computer Software: Prepackaged Software
440,Medtronic,SF Bay Area,Healthcare,59,,4/12/2023,Post-IPO,United States,5900,MDT,Medtronic plc. Ordinary Shares,$81.82 ,0.9,1.11%,1.08642E+11,United States,,3446429,Health Care,Biotechnology: Electromedical & Electrotherapeutic Apparatus
88,MeridianLink,Los Angeles,Finance,,0.09,1/8/2024,Post-IPO,United States,485,MLNK,MeridianLink Inc. Common Stock,$17.20 ,0.12,0.70%,1312672593,United States,2021,93968,Technology,Computer Software: Prepackaged Software
14,Meta,SF Bay Area,Consumer,,,3/6/2024,Post-IPO,United States,26000,META,Meta Platforms Inc. Class A Common Stock,$452.00 ,10.32,2.34%,1.14651E+12,United States,2012,13583391,Technology,Computer Software: Programming Data Processing
548,Micron,Boise,Hardware,2400,0.05,2/17/2023,Post-IPO,United States,50,MU,Micron Technology Inc. Common Stock,$114.57 ,2.24,1.99%,1.26871E+11,United States,,10385837,Technology,Semiconductors
55,Microsoft,Seattle,Other,1900,,1/25/2024,Post-IPO,United States,1,MSFT,Microsoft Corporation Common Stock,$406.37 ,8.53,2.14%,3.02027E+12,United States,1986,11527611,Technology,Computer Software: Prepackaged Software
1579,Mogo,Vancouver,Finance,78,0.3,3/27/2020,Post-IPO,Canada,201,MOGO,Mogo Inc. Common Shares,$1.83 ,-0.02,-1.08%,45266525,Canada,,39090,Finance,Finance: Consumer Services
647,Nate,New York City,Retail,,,1/27/2023,Series A,United States,47,NTRA,Natera Inc. Common Stock,$97.07 ,3.35,3.57%,11721967120,United States,2015,653715,Health Care,Medical Specialities
679,nCino,Wilmington,Finance,100,0.07,1/18/2023,Post-IPO,United States,1100,NCNO,nCino Inc. Common Stock,$30.28 ,-0.43,-1.40%,3458477891,United States,2020,530653,Technology,Computer Software: Prepackaged Software
775,Nerdy,St. Louis,Education,,0.17,12/8/2022,Post-IPO,United States,150,NRDY,Nerdy Inc. Class A Common Stock,$2.65 ,0.01,0.38%,460344262,United States,2020,527851,Real Estate,Other Consumer Services
627,NetApp,SF Bay Area,Data,960,0.08,1/31/2023,Post-IPO,United States,,NTAP,NetApp Inc. Common Stock,$104.38 ,2.26,2.21%,2154159577,United States,1995,532440,Technology,Electronic Components
1007,Netflix,SF Bay Area,Media,30,,9/14/2022,Post-IPO,United States,121900,NFLX,Netflix Inc. Common Stock,$578.86 ,13.71,2.43%,2.49468E+11,United States,2002,2501240,Consumer Discretionary,Consumer Electronics/Video Chains
82,Nevro,SF Bay Area,Healthcare,63,0.05,1/9/2024,Post-IPO,United States,556,NVRO,Nevro Corp. Common Stock,$11.20 ,0.05,0.45%,407656278,United States,2014,212409,Health Care,Medical/Dental Instruments
129,Nextdoor,SF Bay Area,Consumer,,0.25,11/7/2023,Post-IPO,United States,736,KIND,Nextdoor Holdings Inc. Class A Common Stock,$2.14 ,-0.03,-1.38%,842370113,United States,,451615,Technology,Computer Software: Programming Data Processing
340,Nikola,Phoenix,Transportation,270,,6/16/2023,Post-IPO,United States,3300,NKLA,Nikola Corporation Common Stock,$0.65 ,0.0326,5.32%,861605343,United States,2018,94537891,Consumer Discretionary,Auto Manufacturing
87,NuScale Power,Corvallis,Energy,154,0.28,1/8/2024,Post-IPO,United States,470,SMR,NuScale Power Corporation Class A Common Stock,$6.08 ,0.05,0.83%,1424470772,United States,2022,1813412,Industrials,Metal Fabrications
1091,Nutanix,SF Bay Area,Infrastructure,270,0.04,8/9/2022,Post-IPO,United States,1100,NTNX,Nutanix Inc. Class A Common Stock,$62.59 ,0.4,0.64%,15292562500,United States,2016,1113211,Technology,EDP Services
849,Oatly,Malm,Food,,,11/15/2022,Post-IPO,Sweden,441,OTLY,Oatly Group AB American Depositary Shares,$1.24 ,0.025,2.07%,734899417,Sweden,2021,3002396,Consumer Staples,Packaged Foods
857,Offerpad,Phoenix,Real Estate,,0.07,11/11/2022,Post-IPO,United States,355,OPAD,Offerpad Solutions Inc. Class A Common Stock,$7.81 ,0.23,3.03%,213096155,United States,2020,48139,Finance,Real Estate
44,Okta,SF Bay Area,Security,400,0.07,2/1/2024,Post-IPO,United States,1200,OKTA,Okta Inc. Class A Common Stock,$96.52 ,1.04,1.09%,16157174173,United States,2017,717506,Technology,EDP Services
343,Olo,New York City,Food,81,0.11,6/14/2023,Post-IPO,United States,184,OLO,Olo Inc. Class A Common Stock,$4.81 ,-0.025,-0.52%,777911784,United States,2021,339104,Finance,Major Banks
437,Opendoor,SF Bay Area,Real Estate,560,0.22,4/18/2023,Post-IPO,United States,1900,OPEN,Opendoor Technologies Inc Common Stock,$2.22 ,0.185,9.11%,1505406410,United States,,44346164,Finance,Real Estate
126,Oportun,SF Bay Area,Finance,185,0.07,11/7/2023,Post-IPO,United States,766,OPRT,Oportun Financial Corporation Common Stock,$3.55 ,0.33,10.25%,122679075,United States,2019,431474,Finance,Finance: Consumer Services
688,Oracle,SF Bay Area,Other,,,1/17/2023,Post-IPO,United States,,ORCL,Oracle Corporation Common Stock,$115.80 ,0.835,0.73%,3.18264E+11,United States,1986,2930978,Technology,Computer Software: Prepackaged Software
1088,Orbit,SF Bay Area,Other,,,8/12/2022,Series A,United States,20,LLAP,Terran Orbital Corporation Common Stock,$1.07 ,-0.225,-17.44%,214353401,United States,2021,4822851,Industrials,Military/Government/Technical
1513,Oscar Health,New York City,Healthcare,70,0.05,4/23/2020,Unknown,United States,1300,OSCR,Oscar Health Inc. Class A Common Stock,$18.01 ,-0.085,-0.47%,4136238254,United States,2021,1847368,Health Care,Medical Specialities
987,Ouster,SF Bay Area,Transportation,,0.1,9/20/2022,Post-IPO,United States,282,OUST,Ouster Inc. Common Stock,$9.68 ,0.07,0.73%,393698900,United States,2020,592676,Industrials,Industrial Machinery/Components
363,Outbrain,New York City,Marketing,90,0.1,6/1/2023,Post-IPO,United States,394,OB,Outbrain Inc. Common Stock,$4.41 ,-0.03,-0.68%,216331602,United States,2021,97678,Technology,Computer Software: Programming Data Processing
655,PagerDuty,SF Bay Area,Product,,0.07,1/24/2023,Post-IPO,United States,173,PD,PagerDuty Inc. Common Stock,$20.38 ,-0.06,-0.29%,1890277404,United States,2019,600057,Technology,Retail: Computer Software & Peripheral Equipment
538,Palantir,Denver,Data,75,0.02,2/27/2023,Post-IPO,United States,3000,PLTR,Palantir Technologies Inc. Class A Common Stock,$23.21 ,0.6601,2.93%,51357754018,United States,2020,45824294,Technology,Computer Software: Prepackaged Software
1156,Papa,Miami,Other,,0.15,7/13/2022,Series D,United States,241,PZZA,Papa John's International Inc. Common Stock,$59.10 ,-0.645,-1.08%,1936370179,United States,1993,538981,Consumer Discretionary,Restaurants
333,Payoneer,New York City,Finance,200,0.1,6/26/2023,Post-IPO,United States,,PAYO,Payoneer Global Inc. Common Stock,$5.07 ,0.065,1.30%,1867724220,United States,,1026100,Consumer Discretionary,Business Services
334,Payoneer,New York City,Finance,200,0.1,6/26/2023,Post-IPO,United States,,PAYOW,Payoneer Global Inc. Warrant,$0.31 ,0.0101,3.37%,114312835,United States,,2660,Consumer Discretionary,Business Services
50,PayPal,SF Bay Area,Finance,2500,0.09,1/30/2024,Post-IPO,United States,216,PYPL,PayPal Holdings Inc. Common Stock,$65.38 ,-1.605,-2.40%,68385259930,United States,,11845315,Consumer Discretionary,Business Services
209,Pegasystems,Boston,HR,240,0.04,8/31/2023,Post-IPO,United States,,PEGA,Pegasystems Inc. Common Stock,$59.30 ,0.4,0.68%,5042348085,United States,1996,243711,Technology,EDP Services
318,Peloton,New York City,Fitness,11,,7/13/2023,Post-IPO,United States,1900,PTON,Peloton Interactive Inc. Class A Common Stock,$3.42 ,0.2875,9.19%,1253787637,United States,2019,31186533,Consumer Discretionary,Recreational Games/Products/Toys
1102,Perion,Tel Aviv,Marketing,20,0.05,8/8/2022,Post-IPO,Israel,76,PERI,Perion Network Ltd. Ordinary Shares,$12.78 ,-0.065,-0.51%,613089420,Israel,2006,521932,Technology,EDP Services
670,Personalis,SF Bay Area,Healthcare,,0.3,1/19/2023,Post-IPO,United States,225,PSNL,Personalis Inc. Common Stock,$1.55 ,-0.05,-3.13%,78281028,United States,2019,330264,Health Care,Medical Specialities
631,Philips,Amsterdam,Healthcare,6000,0.13,1/30/2023,Post-IPO,Netherlands,,PHG,Koninklijke Philips N.V. NY Registry Shares,$26.74 ,0.175,0.66%,24232688376,Netherlands,,1420383,Health Care,Medical Electronics
609,Pinterest,SF Bay Area,Consumer,150,,2/1/2023,Post-IPO,United States,1500,PINS,Pinterest Inc. Class A Common Stock,$40.47 ,-0.035,-0.09%,27644469720,United States,2019,6713391,Technology,Computer Software: Programming Data Processing
257,Planet,SF Bay Area,Aerospace,117,0.1,8/1/2023,Post-IPO,United States,574,PL,Planet Labs PBC Class A Common Stock,$1.82 ,-0.005,-0.28%,527475636,United States,2021,811907,Technology,Radio And Television Broadcasting And Communications Equipment
259,Planet,SF Bay Area,Aerospace,117,0.1,8/1/2023,Post-IPO,United States,574,PLNT,Planet Fitness Inc. Common Stock,$59.77 ,-0.32,-0.53%,5268540930,United States,2015,808436,Consumer Discretionary,Hotels/Resorts
74,Playtika,Tel Aviv,Consumer,300,0.1,1/11/2024,Post-IPO,Israel,,PLTK,Playtika Holding Corp. Common Stock,$7.77 ,0.105,1.37%,2878087862,Israel,2021,450208,Technology,EDP Services
111,Presto,SF Bay Area,Food,,0.17,11/20/2023,Post-IPO,United States,167,NPK,National Presto Industries Inc. Common Stock,$83.98 ,0.215,0.26%,597689123,United States,,10366,Industrials,Ordnance And Accessories
112,Presto,SF Bay Area,Food,,0.17,11/20/2023,Post-IPO,United States,167,PRST,Presto Automation Inc. Common Stock,$0.17 ,0.0011,0.65%,13734634,United States,2021,357548,Technology,Computer Software: Prepackaged Software
113,Presto,SF Bay Area,Food,,0.17,11/20/2023,Post-IPO,United States,167,PRSTW,Presto Automation Inc. Warrant,$0.02 ,0.0021,11.73%,1615839,United States,2021,5000,Technology,Computer Software: Prepackaged Software
52,Procore,Santa Barbara,Construction,,0.04,1/30/2024,Post-IPO,United States,654,PCOR,Procore Technologies Inc. Common Stock,$67.84 ,-1.39,-2.01%,9831198248,United States,2021,1875469,Technology,Computer Software: Prepackaged Software
37,Pure Storage,SF Bay Area,Data,275,,2/8/2024,Post-IPO,United States,529,PSTG,Pure Storage Inc. Class A Common Stock,$52.08 ,0.65,1.26%,16921328841,United States,2015,1247318,Technology,Electronic Components
1092,Quanterix,Boston,Healthcare,130,0.25,8/9/2022,Post-IPO,United States,533,QTRX,Quanterix Corporation Common Stock,$16.95 ,0.025,0.15%,644988007,United States,2017,274325,Industrials,Biotechnology: Laboratory Analytical Instruments
466,Rackspace,San Antonio,Data,275,,3/27/2023,Acquired,United States,17,RXT,Rackspace Technology Inc. Common Stock,$1.83 ,0.09,5.17%,402152475,United States,2020,645633,Technology,Computer Software: Programming Data Processing
425,Rapid,SF Bay Area,Finance,115,0.5,4/25/2023,Series D,United States,272,RPID,Rapid Micro Biosystems Inc. Class A Common Stock,$0.90 ,-0.0863,-8.72%,38404912,United States,2021,162926,Industrials,Biotechnology: Laboratory Analytical Instruments
244,Rapid7,Boston,Security,470,0.18,8/8/2023,Post-IPO,United States,89,RPD,Rapid7 Inc. Common Stock,$45.22 ,0.519,1.16%,2802939056,United States,2015,814402,Technology,Computer Software: Prepackaged Software
1067,Reali,SF Bay Area,Real Estate,140,1,8/24/2022,Series B,United States,117,CREX,Creative Realities Inc. Common Stock,$3.30 ,0.16,5.10%,34473975,United States,,42830,Technology,EDP Services
225,Recur,Miami,Crypto,,,8/21/2023,Series A,United States,55,RXRX,Recursion Pharmaceuticals Inc. Class A Common Stock,$8.82 ,0.025,0.28%,2068468593,United States,2021,3266944,Health Care,Biotechnology: Biological Products (No Diagnostic Substances)
441,Redfin,Seattle,Real Estate,201,0.04,4/11/2023,Post-IPO,United States,320,RDFN,Redfin Corporation Common Stock,$6.19 ,0.29,4.92%,738105046,United States,2017,6417571,Finance,Real Estate
591,REE Automotive,Tel Aviv,Transportation,31,0.11,2/9/2023,Post-IPO,Israel,317,REE,REE Automotive Ltd. Class A Ordinary Shares,$3.99 ,0.03,0.76%,44818992,Israel,,36967,Consumer Discretionary,Auto Manufacturing
83,Rent the Runway,New York City,Retail,37,0.1,1/9/2024,Post-IPO,United States,526,RENT,Rent the Runway Inc. Class A Common Stock,$13.82 ,0.2,1.47%,50750384,United States,2021,212946,Consumer Discretionary,Other Specialty Stores
853,Ribbon,New York City,Real Estate,170,0.85,11/14/2022,Series C,United States,405,RBBN,Ribbon Communications Inc. Common Stock,$3.17 ,-0.045,-1.40%,545841360,United States,,142004,Technology,EDP Services
587,Rigetti Computing,SF Bay Area,Hardware,,0.28,2/10/2023,Post-IPO,United States,298,RGTI,Rigetti Computing Inc. Common Stock,$1.40 ,0.09,6.87%,222433431,United States,,2732910,Technology,EDP Services
588,Rigetti Computing,SF Bay Area,Hardware,,0.28,2/10/2023,Post-IPO,United States,298,RGTIW,Rigetti Computing Inc. Warrants,$0.19 ,0.0051,2.76%,30187394,United States,,8710,Technology,EDP Services
687,RingCentral,SF Bay Area,Other,30,,1/17/2023,Post-IPO,United States,44,RNG,RingCentral Inc. Class A Common Stock,$30.38 ,-0.08,-0.26%,2804607868,United States,2013,502073,Technology,EDP Services
0,Rivian,Detroit,Transportation,,0.01,4/17/2024,Post-IPO,United States,10700,RIVN,Rivian Automotive Inc. Class A Common Stock,$10.01 ,0.18,1.83%,9784270606,United States,2021,40793521,Consumer Discretionary,Auto Manufacturing
200,Robinhood,SF Bay Area,Finance,,,9/21/2023,Post-IPO,United States,5600,HOOD,Robinhood Markets Inc. Class A Common Stock,$17.89 ,0.28,1.59%,15645654220,United States,2021,7410916,Finance,Investment Bankers/Brokers/Service
199,Roblox,New York City,Consumer,30,,9/22/2023,Post-IPO,United States,857,RBLX,Roblox Corporation Class A Common Stock,$39.38 ,2.04,5.46%,24873913301,United States,2021,6459582,Technology,Computer Software: Prepackaged Software
206,Roku,SF Bay Area,Media,360,0.1,9/6/2023,Post-IPO,United States,208,ROKU,Roku Inc. Class A Common Stock,$59.07 ,-0.875,-1.46%,8515806821,United States,2017,2777488,Telecommunications,Cable & Other Pay Television Services
414,Sabre,Dallas,Travel,1100,0.15,5/4/2023,Post-IPO,United States,1700,SABR,Sabre Corporation Common Stock,$2.51 ,-0.405,-13.92%,950599589,United States,2014,6354124,Technology,Computer Software: Programming Data Processing
1551,Sage Therapeutics,Boston,Healthcare,340,0.53,4/7/2020,Post-IPO,United States,438,SAGE,Sage Therapeutics Inc. Common Stock,$13.71 ,0.605,4.62%,825095645,United States,2014,525440,Health Care,Biotechnology: Pharmaceutical Preparations
54,Salesforce,SF Bay Area,Sales,700,0.01,1/26/2024,Post-IPO,United States,65,CRM,Salesforce Inc. Common Stock,$274.44 ,2.31,0.85%,2.66207E+11,United States,2004,2736493,Technology,Computer Software: Prepackaged Software
1483,Samsara,SF Bay Area,Logistics,300,0.18,5/20/2020,Series F,United States,530,IOT,Samsara Inc. Class A Common Stock,$37.94 ,1.115,3.03%,20884077524,United States,2021,1727516,Technology,EDP Services
802,Sana,Seattle,Healthcare,,0.15,11/30/2022,Series A,United States,700,SANA,Sana Biotechnology Inc. Common Stock,$10.27 ,0.49,5.01%,2263996410,United States,2021,2774343,Health Care,Biotechnology: Biological Products (No Diagnostic Substances)
803,Sana,Seattle,Healthcare,,0.15,11/30/2022,Series A,United States,700,SMTI,Sanara MedTech Inc. Common Stock,$32.25 ,1.2401,4.00%,278086324,United States,,21708,Health Care,Industrial Specialties
63,SAP,Walldorf,Other,8000,0.07,1/23/2024,Post-IPO,Germany,1300,SAP,SAP  SE ADS,$183.71 ,3.07,1.70%,2.14432E+11,Germany,,281991,Technology,EDP Services
241,SecureWorks,Atlanta,Security,300,0.15,8/14/2023,Post-IPO,United States,83,SCWX,SecureWorks Corp. Class A Common Stock,$5.90 ,0,0.00%,520893306,United States,2016,15649,Technology,Computer Software: Prepackaged Software
331,Selina,London,Travel,350,,6/27/2023,Post-IPO,United Kingdom,612,SLNA,Selina Hospitality PLC Ordinary Shares,$0.05 ,-0.0048,-9.30%,5446690,United Kingdom,,9416161,Consumer Discretionary,Hotels/Resorts
332,Selina,London,Travel,350,,6/27/2023,Post-IPO,United Kingdom,612,SLNAW,Selina Hospitality PLC Warrant,$0.01 ,-0.001,-12.50%,0,United Kingdom,,3708,Consumer Discretionary,Hotels/Resorts
364,SentinelOne,SF Bay Area,Security,,0.05,6/1/2023,Post-IPO,United States,696,S,SentinelOne Inc. Class A Common Stock,$21.29 ,-0.21,-0.98%,6600065700,United States,2021,2436279,Technology,Computer Software: Prepackaged Software
1402,Sezzle,Minneapolis,Finance,,0.2,3/10/2022,Post-IPO,United States,301,SEZL,Sezzle Inc. Common Stock,$51.32 ,-0.39,-0.75%,289094387,United States,,72760,Consumer Discretionary,Business Services
413,Shopify,Ottawa,Retail,2300,0.2,5/4/2023,Post-IPO,Canada,122,SHOP,Shopify Inc. Class A Subordinate Voting Shares,$74.37 ,2.37,3.29%,95510330526,Canada,2015,6173877,Technology,Computer Software: Prepackaged Software
1515,Singular,SF Bay Area,Marketing,,,4/23/2020,Series B,United States,50,SGLY,Singularity Future Technology Ltd. Common Stock,$4.70 ,-0.05,-1.05%,16222309,United States,2008,6940,,
13,Singular Genomics,San Diego,Healthcare,,0.2,3/19/2024,Post-IPO,United States,176,OMIC,Singular Genomics Systems Inc. Common Stock,$0.41 ,0.0104,2.60%,30340280,United States,2021,72173,Industrials,Biotechnology: Laboratory Analytical Instruments
34,SiriusXM,New York City,Media,160,0.03,2/12/2024,Post-IPO,United States,525,LSXMA,Liberty Media Corporation Series A Liberty SiriusXM Common Stock,$25.04 ,0.265,1.07%,8176145701,United States,,852725,Consumer Discretionary,Movies/Entertainment
35,SiriusXM,New York City,Media,160,0.03,2/12/2024,Post-IPO,United States,525,LSXMB,Liberty Media Corporation Series B Liberty SiriusXM Common Stock,$25.20 ,0,0.00%,8230032821,United States,,10,Industrials,Broadcasting
36,SiriusXM,New York City,Media,160,0.03,2/12/2024,Post-IPO,United States,525,LSXMK,Liberty Media Corporation Series C Liberty SiriusXM Common Stock,$25.01 ,0.225,0.91%,8166348043,United States,,909395,Industrials,Broadcasting
1065,Skillz,SF Bay Area,Consumer,,,8/29/2022,Post-IPO,United States,287,SKLZ,Skillz Inc. Class A Common Stock,$6.39 ,0.01,0.16%,137050547,United States,2020,74634,Technology,EDP Services
553,Smartsheet,Seattle,Other,85,0.03,2/16/2023,Post-IPO,United States,152,SMAR,Smartsheet Inc. Class A Common Stock,$38.54 ,0.15,0.39%,5296325893,United States,2018,700347,Technology,EDP Services
42,Snap,Los Angeles,Consumer,500,0.1,2/5/2024,Post-IPO,United States,4900,SNAP,Snap Inc. Class A Common Stock,$16.31 ,0.01,0.06%,26765345927,United States,2017,20279877,Technology,Computer Software: Programming Data Processing
121,Snap,Los Angeles,Consumer,20,,11/8/2023,Post-IPO,United States,4900,SNA,Snap-On Incorporated Common Stock,$270.11 ,3.24,1.21%,14239807270,United States,,137701,Consumer Discretionary,Industrial Machinery/Components
123,Snap,Los Angeles,Consumer,20,,11/8/2023,Post-IPO,United States,4900,SNPO,Snap One Holdings Corp. Common Stock,$10.60 ,0.01,0.09%,809872828,United States,2021,78142,Technology,Electrical Products
80,SoFi,SF Bay Area,Finance,,0.04,1/10/2024,Post-IPO,United States,3000,SOFI,SoFi Technologies Inc. Common Stock  ,$6.90 ,-0.09,-1.29%,6739484451,United States,,46614716,Finance,Finance: Consumer Services
67,SolarEdge,Tel Aviv,Energy,900,0.16,1/21/2024,Post-IPO,Israel,155,SEDG,SolarEdge Technologies Inc. Common Stock,$60.30 ,0.635,1.06%,3444413557,Israel,2015,1455777,Technology,Semiconductors
29,Sonder,SF Bay Area,Travel,106,0.17,2/15/2024,Post-IPO,United States,839,SOND,Sonder Holdings Inc. Class A Common Stock,$4.03 ,-0.1,-2.42%,44590894,United States,2021,34376,Consumer Discretionary,Hotels/Resorts
30,Sonder,SF Bay Area,Travel,106,0.17,2/15/2024,Post-IPO,United States,839,SONDW,Sonder Holdings Inc. Warrants,$0.01 ,0.0001,1.01%,110647,United States,2021,397,Consumer Discretionary,Hotels/Resorts
115,Sonos,New York City,Consumer,,,11/16/2023,Post-IPO,United States,455.2,SONO,Sonos Inc. Common Stock,$17.07 ,0.13,0.77%,2114000027,United States,2018,553399,Consumer Staples,Consumer Electronics/Appliances
730,SoundHound,SF Bay Area,Other,200,0.5,1/5/2023,Post-IPO,United States,326,SOUN,SoundHound AI Inc Class A Common Stock,$4.49 ,-0.0015,-0.03%,1226389946,United States,,18079268,Technology,Computer Software: Prepackaged Software
731,SoundHound,SF Bay Area,Other,200,0.5,1/5/2023,Post-IPO,United States,326,SOUNW,SoundHound AI Inc. Warrant,$2.30 ,-0.07,-2.95%,628427510,United States,2021,162235,Technology,Computer Software: Prepackaged Software
133,Sportradar,St. Gallen,Data,,0.1,11/2/2023,Post-IPO,Switzerland,84,SRAD,Sportradar Group AG Class A Ordinary Shares,$9.25 ,-0.021,-0.23%,10279938860,Switzerland,2021,412643,Technology,Computer Software: Programming Data Processing
557,Sprinklr,New York City,Support,100,0.04,2/15/2023,Post-IPO,United States,429,CXM,Sprinklr Inc. Class A Common Stock,$11.96 ,0.045,0.38%,3266096747,United States,2021,2192758,Technology,Computer Software: Prepackaged Software
70,Stitch Fix,Dallas,Retail,,,1/18/2024,Post-IPO,United States,79,SFIX,Stitch Fix Inc. Class A Common Stock,$2.29 ,0.1,4.57%,275192843,United States,2017,1234702,Consumer Discretionary,Catalog/Specialty Distribution
1497,Stone,Sao Paulo,Finance,1300,0.2,5/12/2020,Post-IPO,Brazil,,STNE,StoneCo Ltd. Class A Common Shares,$16.81 ,0.535,3.29%,5191671144,Brazil,2018,2636774,Technology,EDP Services
1179,Stream,Boulder,Product,20,0.12,6/30/2022,Series B,United States,58,STRM,Streamline Health Solutions Inc. Common Stock,$0.29 ,-0.0029,-1.00%,18706757,United States,,232603,Technology,EDP Services
1098,Sweetgreen,Los Angeles,Food,,,8/9/2022,Post-IPO,United States,478,SG,Sweetgreen Inc. Class A Common Stock,$22.08 ,0.74,3.47%,2494593498,United States,2021,1584780,Consumer Discretionary,Restaurants
795,Synlogic,Boston,Healthcare,,0.25,12/1/2022,Post-IPO,United States,321,SYBX,Synlogic Inc. Common Stock,$1.83 ,-0.0501,-2.67%,21312803,United States,2015,29340,Health Care,Biotechnology: Pharmaceutical Preparations
646,Synopsys,SF Bay Area,Other,100,,1/27/2023,Post-IPO,United States,,SNPS,Synopsys Inc. Common Stock,$536.85 ,13.47,2.57%,81893079977,United States,1992,560152,Technology,EDP Services
1,Take-Two,New York City,Consumer,579,0.05,4/16/2024,Post-IPO,United States,4100,TTWO,Take-Two Interactive Software Inc. Common Stock,$145.87 ,2.8,1.96%,24883439773,United States,1997,484130,Technology,Computer Software: Prepackaged Software
1401,Talis Biomedical,SF Bay Area,Healthcare,,0.25,3/15/2022,Post-IPO,United States,8,TLIS,Talis Biomedical Corporation Common Stock,$9.15 ,0.05,0.55%,16671172,United States,2021,1340,Industrials,Biotechnology: Laboratory Analytical Instruments
542,TaskUs,San Antonio,Support,186,,2/22/2023,Post-IPO,United States,279,TASK,TaskUs Inc. Class A Common Stock,$12.12 ,0.175,1.47%,1074200123,United States,2021,116362,Technology,EDP Services
773,TechTarget,Boston,Marketing,60,0.05,12/8/2022,Post-IPO,United States,115,TTGT,TechTarget Inc. Common Stock,$28.07 ,-0.7,-2.43%,801304016,United States,2007,26690,Telecommunications,Telecommunications Equipment
673,Teladoc Health,New York City,Healthcare,300,0.06,1/18/2023,Post-IPO,United States,172,TDOC,Teladoc Health Inc. Common Stock,$12.90 ,-0.09,-0.69%,2187687406,United States,2015,4063629,Health Care,Medical/Nursing Services
39,Tenable,Baltimore,Security,,0.05,2/7/2024,Post-IPO,United States,565,TENB,Tenable Holdings Inc. Common Stock,$44.65 ,-0.56,-1.24%,5274052955,United States,2018,701603,Technology,EDP Services
2,Tesla,Austin,Transportation,14000,0.1,4/15/2024,Post-IPO,United States,20200,TSLA,Tesla Inc. Common Stock,$181.31 ,1.2999,0.72%,5.78233E+11,United States,2010,68416530,Consumer Discretionary,Auto Manufacturing
552,The RealReal,SF Bay Area,Retail,230,0.07,2/16/2023,Post-IPO,United States,356,REAL,The RealReal Inc. Common Stock,$3.91 ,0.14,3.71%,409347327,United States,2019,1560409,Consumer Discretionary,Other Specialty Stores
243,Thoughtworks,Chicago,Other,579,0.05,8/8/2023,Post-IPO,United States,748,TWKS,Thoughtworks Holding Inc. Common Stock,$2.22 ,-0.16,-6.72%,716466578,United States,2021,432215,Technology,EDP Services
1083,ThredUp,Chicago,Retail,,0.15,8/15/2022,Post-IPO,United States,305,TDUP,ThredUp Inc. Class A Common Stock,$1.80 ,0.115,6.85%,195349101,United States,2021,316457,Consumer Discretionary,Catalog/Specialty Distribution
28,Toast,Boston,Food,550,0.1,2/15/2024,Post-IPO,United States,962,TOST,Toast Inc. Class A Common Stock,$22.76 ,-0.625,-2.67%,12469740000,United States,2021,4110240,Technology,EDP Services
1409,Treehouse,Portland,Education,41,0.9,9/14/2021,Series B,United States,12,THS,Treehouse Foods Inc. Common Stock,$37.40 ,-0.23,-0.61%,2023340000,United States,,310038,Consumer Staples,Packaged Foods
120,TripAdvisor,Boston,Travel,125,0.04,11/12/2023,Post-IPO,United States,3,TRIP,TripAdvisor Inc. Common Stock,$25.66 ,-0.895,-3.37%,3537816624,United States,,1753883,Technology,Computer Software: Programming Data Processing
342,TrueCar,Los Angeles,Transportation,102,0.24,6/14/2023,Post-IPO,United States,340,TRUE,TrueCar Inc. Common Stock,$2.87 ,-0.0109,-0.38%,261575121,United States,2014,45939,Technology,Computer Software: Programming Data Processing
103,Twilio,SF Bay Area,Other,,0.05,12/4/2023,Post-IPO,United States,614,TWLO,Twilio Inc. Class A Common Stock,$61.77 ,0.25,0.41%,11245903028,United States,2016,1605940,Technology,Computer Software: Prepackaged Software
412,Twist Bioscience,SF Bay Area,Healthcare,270,0.25,5/5/2023,Post-IPO,United States,503,TWST,Twist Bioscience Corporation Common Stock,$41.17 ,9.16,28.62%,2380367966,United States,2018,3535606,Health Care,Biotechnology: Biological Products (No Diagnostic Substances)
336,Uber,SF Bay Area,Transportation,200,,6/21/2023,Post-IPO,United States,25200,UBER,Uber Technologies Inc. Common Stock,$69.29 ,0.715,1.04%,1.4387E+11,United States,2019,12094870,Consumer Discretionary,Business Services
560,Udemy,SF Bay Area,Education,,0.1,2/14/2023,Post-IPO,United States,311,UDMY,Udemy Inc. Common Stock,$9.94 ,0.045,0.46%,1570610946,United States,2021,2660692,Real Estate,Other Consumer Services
847,UiPath,New York City,Data,241,0.06,11/15/2022,Post-IPO,United States,2000,PATH,UiPath Inc. Class A Common Stock,$19.44 ,0.135,0.70%,11058753215,United States,2021,2964608,Technology,Computer Software: Prepackaged Software
84,Unity,SF Bay Area,Other,1800,0.25,1/8/2024,Post-IPO,United States,1300,U,Unity Software Inc. Common Stock,$24.55 ,0.39,1.61%,9474886607,United States,2020,4403932,Technology,Computer Software: Prepackaged Software
85,Unity,SF Bay Area,Other,1800,0.25,1/8/2024,Post-IPO,United States,1300,UBX,Unity Biotechnology Inc. Common Stock,$1.61 ,-0.02,-1.23%,27026502,United States,2018,27991,Health Care,Biotechnology: Pharmaceutical Preparations
86,Unity,SF Bay Area,Other,1800,0.25,1/8/2024,Post-IPO,United States,1300,UNTY,Unity Bancorp Inc. Common Stock,$27.14 ,-0.2979,-1.09%,275249312,United States,,1650,Finance,Major Banks
630,Upstart,SF Bay Area,Finance,365,0.2,1/31/2023,Post-IPO,United States,144,UPST,Upstart Holdings Inc. Common stock,$23.87 ,0.359,1.53%,2063003971,United States,2020,3426043,Finance,Finance: Consumer Services
418,Upwork,SF Bay Area,Other,137,0.15,5/3/2023,Post-IPO,United States,168,UPWK,Upwork Inc. Common Stock,$12.84 ,-0.15,-1.16%,1709239550,United States,2018,1843031,Technology,EDP Services
17,Vacasa,Portland,Travel,320,0.05,2/28/2024,Post-IPO,United States,834,VCSA,Vacasa Inc. Class A Common Stock,$7.76 ,0.05,0.65%,173710176,United States,,12106,Finance,Diversified Commercial Services
109,Veev,SF Bay Area,Construction,,1,11/26/2023,Series D,United States,597,VEEV,Veeva Systems Inc. Class A Common Stock,$203.34 ,1.91,0.95%,32802116834,United States,2013,383707,Technology,Computer Software: Prepackaged Software
768,Viant,Los Angeles,Marketing,46,0.13,12/13/2022,Post-IPO,United States,,DSP,Viant Technology Inc. Class A Common Stock,$8.37 ,0.2406,2.96%,531487823,United States,2021,230166,Technology,Computer Software: Programming Data Processing
747,Vimeo,New York City,Consumer,,0.11,1/4/2023,Post-IPO,United States,450,VMEO,Vimeo Inc. Common Stock,$3.69 ,0.035,0.96%,619241886,United States,,589715,Technology,Computer Software: Programming Data Processing
941,Volta,SF Bay Area,Transportation,,0.54,10/21/2022,Post-IPO,United States,575,NEOV,NeoVolta Inc. Common Stock,$2.40 ,0.16,7.14%,79766618,United States,,55802,Miscellaneous,Industrial Machinery/Components
942,Volta,SF Bay Area,Transportation,,0.54,10/21/2022,Post-IPO,United States,575,NEOVW,NeoVolta Inc. Warrant,$0.32 ,-0.02,-5.88%,10635549,United States,,112,Miscellaneous,Industrial Machinery/Components
65,Vroom,New York City,Transportation,800,0.9,1/23/2024,Post-IPO,United States,1300,VRM,Vroom Inc. Common Stock,$13.00 ,0.51,4.08%,23332361,United States,2020,23385,Consumer Discretionary,Retail-Auto Dealers and Gas Stations
671,Wallbox,Barcelona,Energy,,0.15,1/19/2023,Post-IPO,Spain,167,WBX,Wallbox N.V. Class A Ordinary Shares,$1.49 ,-0.02,-1.33%,312612439,Spain,,288846,Consumer Discretionary,Industrial Specialties
1101,Warby Parker,New York City,Consumer,63,,8/8/2022,Post-IPO,United States,535,WRBY,Warby Parker Inc. Class A Common Stock,$12.63 ,0.3293,2.68%,1492313400,United States,2021,620237,Health Care,Ophthalmic Goods
68,Wayfair,Boston,Retail,1650,0.13,1/19/2024,Post-IPO,United States,1700,W,Wayfair Inc. Class A Common Stock,$63.20 ,4.56,7.78%,7606747639,United States,2014,6125586,Consumer Discretionary,Catalog/Specialty Distribution
344,Western Digital,SF Bay Area,Hardware,211,,6/13/2023,Post-IPO,United States,900,WDC,Western Digital Corporation Common Stock,$70.82 ,1.1,1.58%,23124476988,United States,,3694197,Technology,Electronic Components
554,Wix,Tel Aviv,Marketing,370,0.06,2/15/2023,Post-IPO,Israel,58,WIX,Wix.com Ltd. Ordinary Shares,$120.24 ,0.71,0.59%,6874432823,Israel,2013,244581,Technology,Computer Software: Programming Data Processing
797,Wonder,New York City,Food,130,0.07,11/30/2022,Series B,United States,850,LNW,Light & Wonder Inc. Common Stock,$92.99 ,1.785,1.96%,8352775322,United States,,236788,Technology,EDP Services
628,Workday,SF Bay Area,HR,525,0.03,1/31/2023,Post-IPO,United States,230,WDAY,Workday Inc. Class A Common Stock,$256.59 ,5.74,2.29%,67739760000,United States,,2193123,Technology,EDP Services
90,Xerox,Norwalk,Hardware,3000,0.15,1/3/2024,Post-IPO,United States,27200,XRX,Xerox Holdings Corporation Common Stock,$13.37 ,-0.025,-0.19%,1659700529,United States,,1100656,Technology,Computer peripheral equipment
693,XP,Sao Paulo,Finance,,,1/17/2023,Post-IPO,Brazil,,XP,XP Inc. Class A Common Stock,$22.46 ,1.33,6.29%,12341616688,Brazil,2019,5322313,Finance,Investment Bankers/Brokers/Service
1454,Yelp,SF Bay Area,Consumer,63,,7/13/2020,Post-IPO,United States,56,YELP,Yelp Inc. Common Stock,$40.11 ,0.105,0.26%,2738415641,United States,2012,358921,Consumer Discretionary,Other Consumer Services
659,Yext,New York City,Marketing,,0.08,1/23/2023,Post-IPO,United States,117,YEXT,Yext Inc. Common Stock,$5.47 ,-0.035,-0.64%,682398663,United States,2017,262993,Technology,EDP Services
215,Zebra Technologies,Chicago,Manufacturing,700,0.07,8/28/2023,Post-IPO,United States,2000,ZBRA,Zebra Technologies Corporation Class A Common Stock,$311.11 ,-1.605,-0.51%,15996833370,United States,1991,332834,Industrials,Industrial Machinery/Components
757,Zhihu,Beijing,Consumer,,0.1,12/20/2022,Series F,China,892,ZH,Zhihu Inc. American Depositary Shares (every two of each representing one Class A ordinary share),$0.67 ,0.0142,2.15%,411998982,China,2021,1501414,Consumer Discretionary,Business Services
127,Zillow,Seattle,Real Estate,23,,11/7/2023,Post-IPO,United States,97,Z,Zillow Group Inc. Class C Capital Stock,$40.62 ,0.775,1.95%,9592699670,United States,,4252774,Consumer Discretionary,Business Services
128,Zillow,Seattle,Real Estate,23,,11/7/2023,Post-IPO,United States,97,ZG,Zillow Group Inc. Class A Common Stock,$39.99 ,0.8,2.04%,9445083339,United States,2011,723906,Consumer Discretionary,Business Services
365,ZipRecruiter,Los Angeles,Recruiting,270,0.2,5/31/2023,Post-IPO,United States,769,ZIP,ZipRecruiter Inc. Class A Common Stock,$10.24 ,-0.06,-0.58%,1014513449,United States,2021,533814,Technology,Computer Software: Programming Data Processing
45,Zoom,SF Bay Area,Other,150,0.02,2/1/2024,Post-IPO,United States,276,ZM,Zoom Video Communications Inc. Class A Common Stock,$61.43 ,-1.4,-2.23%,18893390037,United States,2019,2065385,Technology,Computer Software: Programming Data Processing
361,ZoomInfo,Vancouver,Sales,120,0.03,6/2/2023,Post-IPO,United States,7,ZI,ZoomInfo Technologies Inc Common Stock,$16.19 ,-0.29,-1.76%,6147383345,United States,2020,5833564,Technology,Computer Software: Prepackaged Software
531,Zscaler,SF Bay Area,Security,177,0.03,3/2/2023,Post-IPO,United States,148,ZS,Zscaler Inc. Common Stock,$178.35 ,1.98,1.12%,26727170020,United States,2018,1886844,Technology,EDP Services
49,Zuora,SF Bay Area,Finance,,0.08,1/31/2024,Post-IPO,United States,647,ZUO,Zuora Inc. Class A Common Stock,$10.08 ,0.305,3.12%,1470950000,United States,2018,1039115,Technology,EDP Services
